afika afika057 afika398 afika502 afika617 afika713 afika_016 afika_246 afika_398 afika_584 afika_914
bret bret038 bret073 bret159 bret238 bret268 bret347 bret541 bret597 bret965 bret974
dre dre027 dre123 dre135 dre246 dre456 dre579 dre678 dre789 dre826 dre_123
grace grace069 grace091 grace123 grace217 grace409 grace421 grace456 grace682 grace764 grace789
logan logan055 logan126 logan324 logan332 logan504 logan735 logan861 logan888 logan952 logan975
nikki nikki012 nikki045 nikki123 nikki234 nikki456 nikki678 nikki789 nikki_234 nikki_678 nikki_789
rachel rachel095 rachel127 rachel182 rachel321 rachel532 rachel_052 rachel_154 rachel_273 rachel_689 rachel_987
sam sam012 sam083 sam124 sam158 sam345 sam678 sam736 sam814 sam952 sam970
zack zack074 zack137 zack266 zack383 zack389 zack412 zack472 zack506 zack853 zack915
